Age . Location,Bio,Agree,Disagree,Find Out,Ques_Ans,Label
20 â€¢ Mumbai,"I doubt you are gonna read this but still...

Tea over coffee â˜•
Book over movieğŸ“š
Sleep over social media ğŸ˜´
Dark chocolate ğŸ˜‹

Notable life achievements
1) My cat loves me.
2) Professional bathroom singer
3) Been to Jail (Monopoly Jail is counted right?)
4.) No skeletons in the closet (Wait...I guess there are someğŸ¤”)

Likes: Chess, Badminton, Table Tennis, Cycling, Cheese

Dislikes: Guys with clichÃ©d pickup lines and Guyz with no profile pic or a single pic among many other things.

Leaving the rest for the history books...

For those guyz who'll text:

Hi/Hey/Hello:- Hello to you as well.

How are you/How's it going?:- I'm doing well and It's going great, thanks for asking. (though you shouldn't have asked)

What I'm looking for?:- I'm looking for men, wasn't that the second question this app asked?ğŸ˜‚

So can we can skip to the good part.

Cheers ğŸ»",29,11,1,41,Ok
22 â€¢ Chandrapur,would love to talk to some Bollywood sort of romantic guy,8,7,0,15,Ok
21 â€¢ Kolkata,"ig @_.jhinuk

#5'7""
#ambivert
#night_owl
#music_lover
#mathematics_lover
#quarantine_sketcher
#football_over_cricket

Here to have a good conversation and make friends....",40,25,24,89,Ok
22 â€¢ ThÄne,"Not so good at that
My ig - Shrutiidash",17,7,0,24,Ok
26 â€¢ Pallipuram,Ping me on Instagram at srishtikpr9,4,11,0,15,Low Info
26 â€¢ AurangÄbÄd,"Outside introvert inside extrovert.. crazy me..
Life is not a piece of cake but I can't resist sugary goodies..
Ambitious adventures chill relaxed kind of person..
And a good listener ğŸ˜‰..",31,24,1,56,Ok
22 â€¢ New Delhi,"ping me on instağŸ’‹
insta: @xvanshiix

.

DominatingğŸ”¥",4,10,0,14,Low Info
21 â€¢ Pune,Interested only good frdship.,38,37,264,339,Ok
24 â€¢ HyderÄbÄd,"Intrested in - Fun and Naughty Stuff Virtually
First of all clear words-"" NO REAL MEETUP""- Thankyou
ME from Bombay.
But living in Hyderabad
A girl with High ambitious. working as an SDE in Delloite Technology.loves Fashion and styles. Adapt new form of changes in life . always a friendly person. life is short so just chill ğŸ¤ 
So no ""Hii"" ""Hello"". Be creative ğŸ˜…. use this~~ğŸ§ ",6,9,0,15,Ok
27 â€¢ HyderÄbÄd,"working as s/w engineer.
simple living and high thinking",8,7,0,15,Ok
25 â€¢ HyderÄbÄd,Message me I can't see your like,3,8,8,19,Ok
19 â€¢ HyderÄbÄd,"Heyy Iâ€™m just having fun on here. From Iraq but raised in UK. Back and forth between Manchester and Hyderabad for school, not looking for anything serious.

If you saw me on here before, hushhh ğŸ¤­

I like dominant guys, no age preference. Be straightforward, I dont care for shy messages ğŸ˜­ğŸ˜­",9,5,20,34,Ok
24 â€¢ Mumbai,Nothing,9,6,0,15,Fake
22 â€¢ HyderÄbÄd,reply wats app 9509699930,7,8,0,15,Fake
23 â€¢ Chennai,"ğŸ¥±

Can't see likes, send a text ğŸ’Œ",19,22,4,45,Ok
25 â€¢ Mumbai,"New in Town.
Bong
Curvilicious ğŸ‘ğŸ¤­
Taylor Swift and BTS addict!
Humor is a major turn on after Veins!ğŸ˜‹

PS-Drop more than just a hi/hey!",7,8,0,15,Ok
27 â€¢ HyderÄbÄd,Yep,5,10,0,15,Low Info
27 â€¢ ThÄne,"Basically from mumbai, I love to cook nd reading books, am into in modelling,
Swimming ,travelling lisn music and singing is Are my hobbies â€¦ fitness lover too, hardworking passionate, loving caring ( artistic )
am here for looking genuine and good person, loyal nd honest (simple) friendz nothing more
snpcht - Kunnuworlds
Inst- Kunnuworlds",21,22,3,46,Ok
21 â€¢ GuntÅ«r,Hello,2,13,0,15,Low Info
28 â€¢ Mumbai,"Total sucker for long drives, long talks, long breaks for coffee
long hugs (cuddles ) , well letâ€™s not brag anything long now ::::p
Wine lover ( just in case you ask whatâ€™s your drink lol )
totally sweet and bitchhhhh depends on how you treat

Ps- please donâ€™t start with boring hiiiii",41,44,135,220,Ok
24 â€¢ Pune,"5â€™2â€ , not exaggerating :p
A glad combo of Sensitive and Savage!
Well, Taylor has my heart but Bollywood songs make me groove like nothing else!",10,6,0,16,Ok
23 â€¢ HyderÄbÄd,.,15,5,1,21,Low Info
24 â€¢ ThÄne,"I Absolutely love and adore dogs/animals , travelling is like a need for me, dancing is fun , drinking is a want and food is life!
Iâ€™m a girl who is turning my dreams into reality one step at a timeâš¡ï¸
Iâ€™m a Fashion Photographer and an Entrepreneur, I have started a creative digital agency called Pixpective.

Insta : @ishaaanatu

I think taking a walk on the beach in beautiful weather is what Iâ€™m really craving for.
Love can be found anywhere in the worldâ™¥ï¸",45,24,66,135,Ok
22 â€¢ Mumbai,"Hi I am Anjali, here to make new friends. Currently studying interior designing at ITM institute of designing. favourite timepass reading books, binge watching tv shows also cooking but only when I am in a mood toâœŒï¸. I have a dog named Thor. Have a Ying Yang tattoo on my wrist.
Studies suggest you have a 100% higher chance of getting a match with me if you write a nice intro.
I made a new Instagram account if you guys wanna connect over there it's lostgirl0811",8,10,2,20,Ok
26 â€¢ Gurgaon,I will let you know later,4,11,0,15,Fake
26 â€¢ HyderÄbÄd,natural and happy person for myself,8,4,3,15,Ok
25 â€¢ HyderÄbÄd,!!,15,7,3,25,Low Info
25 â€¢ HyderÄbÄd,Looking for a long (forever)relationship. Not here for benefits/short relationship or hookups.,7,8,0,15,Ok
25 â€¢ NÄgpur,"""Some soul just understand each other upon meeting""",53,64,43,160,Ok
20 â€¢ HyderÄbÄd,I just need loyal frnds,7,8,0,15,Ok
22 â€¢ Yerandwane,.,8,7,0,15,Low Info
24 â€¢ Ghansoli,"Hello ,, I'm new to this Application
Looking for Someone, who make me feel like his Queen as I will treat him as my King , , And who can understand me ,
I'm from Karnataka ,Also I'm new to Mumbai
And Lastly I wanted to uninstall this application together ğŸ¤—",15,27,4,46,Ok
27 â€¢ Mumbai,"Bossy ğŸ˜ˆ.
MoodieğŸ˜.
Dommie ğŸ˜‰.
Swings between ğŸ‡®ğŸ‡³~ğŸ‡¬ğŸ‡§.
Business woman ğŸ’¸ financially stable to fullfill your all need ğŸ˜.
Rough enough to take your breath and Cute enough to bring back your breath ğŸ˜‰!

I'm here for LGBT ğŸ³ï¸â€ğŸŒˆğŸ˜‰
they call me sugar momie or ma'am ( choose one ğŸ˜ˆ)
Subs are my favourite snakcs !
If you are Dominant girl and still wanna connect then msg me by saying â€œhey broâ€ I will add you in my groups
over my social media handle after verification !
( Insta , telegram , Facebook) .there you will find many subs for you !

Without verification I won't entertain any kid over here !",8,10,2,20,Ok
28 â€¢ Delhi,"Wanna join me

(Nine eight nine three eight one three four
Five one) ğŸ“ğŸ“ğŸ“ğŸ“",5,10,0,15,Fake
21 â€¢ Brahmapur,"Devil of my own world.....
Just a nrml girl who loves black more than pink....
Loves to watch cartoons...",26,16,4,46,Ok
26 â€¢ Chennai,Letâ€™s chat,8,7,0,15,Fake
26 â€¢ HyderÄbÄd,Hello ğŸ‘‹ ğŸ‘‹ ğŸ‘‹ğŸ‘‹ ğŸ‘‹ğŸ‘‹ ğŸ‘‹ğŸ‘‹ ğŸ‘‹ ğŸ‘‹ ğŸ‘‹ ğŸ‘‹ ğŸ‘‹ ğŸ‘‹ ğŸ‘‹ ğŸ‘‹ ğŸ‘‹ ğŸ‘‹ ğŸ‘‹ ğŸ‘‹ ğŸ‘‹ ğŸ‘‹ ğŸ‘‹ ğŸ‘‹ ğŸ‘‹ ğŸ‘‹ ğŸ‘‹ ğŸ‘‹ ğŸ‘‹ ğŸ‘‹ ğŸ‘‹ ğŸ‘‹ ğŸ‘‹ ğŸ‘‹ ğŸ‘‹ ğŸ‘‹ ğŸ‘‹ ğŸ‘‹ ğŸ‘‹ ğŸ‘‹ ğŸ‘‹ ğŸ‘‹ ğŸ‘‹ ğŸ‘‹ ğŸ‘‹ ğŸ‘‹ ğŸ‘‹ ğŸ‘‹ ğŸ‘‹ ğŸ‘‹ ğŸ‘‹ ğŸ‘‹ ğŸ‘‹ ğŸ‘‹ ğŸ‘‹ ğŸ‘‹ ğŸ‘‹ ğŸ‘‹ ğŸ‘‹ ğŸ‘‹ ğŸ‘‹ ğŸ‘‹ ğŸ‘‹ ğŸ‘‹ ğŸ‘‹ ğŸ‘‹ ğŸ‘‹ ğŸ‘‹ ğŸ‘‹ ğŸ‘‹ ğŸ‘‹ ğŸ‘‹ ğŸ‘‹ ğŸ‘‹ ğŸ‘‹ ğŸ‘‹ ğŸ‘‹ ğŸ‘‹ ğŸ‘‹ ğŸ‘‹ ğŸ‘‹ ğŸ‘‹ ğŸ‘‹ ğŸ‘‹ ğŸ‘‹ ğŸ‘‹ ğŸ‘‹ ğŸ‘‹ ğŸ‘‹ ğŸ‘‹ ğŸ‘‹,9,15,3,27,Ok
19 â€¢ Vellore,"PASS MY VIBE CHECK - thatâ€™s important
living a 99% fucked life",5,13,2,20,Ok
22 â€¢ GuntÅ«r,hii,4,11,0,15,Fake
26 â€¢ HyderÄbÄd,"Medico here!!
Try to explore new things..
Wanna know abt me?",9,6,0,15,Ok
21 â€¢ DamÄn,"Dog lover, introvert ğŸ‘€",7,8,0,15,Ok
25 â€¢ Chennai,ig@ mitali_7173,6,9,0,15,Fake
"19 â€¢ Kurunegala, Sri Lanka",Hey im senali,6,5,2,13,Fake
25 â€¢ VijayawÄda,"I m not here for hookups, friends with benefits, adult chats and no meetings just to make new friends nd normal chats",6,9,0,15,Ok
22 â€¢ HyderÄbÄd,"my WhatsApp number 8769159441
and online pad service but real meet sex",6,10,0,16,Fake
23 â€¢ GuntÅ«r,"I'm stubborn but kind at heart like Nairobi ğŸ™‚ğŸ™‚
No sugar coated bull shit
Nature and songs lover
Extrovert
Open minded and straight forwarded person
Have watched recently Spartacus, Elite
,Roswell New Mexico
Currently The big bang theory which is freaking awesome
Not here to have a relationship so don't waste your time ğŸ™‚ğŸ™‚
Here to have good conversations that's all for today bye bye ğŸ‘‹...",15,9,3,27,Ok
22 â€¢ Indore,"Instagrm @drishanutt
Love everyone â˜º",5,10,0,15,Low Info
19 â€¢ Mumbai,"Coffee And Mascara ğŸ–¤
Ambivert
Send Intros Can't See Likes",10,7,3,20,Ok
"24 â€¢ Kandy, Sri Lanka",I am single.ğŸ§free lifeğŸ¥³ğŸ¥°,7,4,3,14,Ok
23 â€¢ Bengaluru,"the world is free will, i am open minded and ready to mingle with a benefit, knowing me Will make a dream come true, love clubbing, indoor fun will be much preferable",7,7,0,14,Fake
24 â€¢ HyderÄbÄd,l like chatting and friendship contact my whatsapp number +919861304254,3,12,0,15,Fake
21 â€¢ HyderÄbÄd,if u interested in real meet then whtsapl me 9462831779,3,12,0,15,Fake
21 â€¢ HyderÄbÄd,Video chat my WhatsApp message 8764387922,6,9,0,15,Fake
23 â€¢ Pune,"Outgoing, Loves to party, Unpredictable.",6,11,2,19,Ok
23 â€¢ HyderÄbÄd,im tecnichan,5,10,1,16,Fake
25 â€¢ Gopanpalli,"Fun to be with
Love travelling and meeting new people
Learning new culture
Having fun is my key donâ€™t get me wrong on that we live once so let enjoy it while we canâ€¦â€¦â€¦
You get to know me better when we talk you know I just prefer get to know me yourself that better

You know let chat and real conversation outdoors maybe ğŸ¤”",85,31,110,226,Ok
22 â€¢ HyderÄbÄd,ntng much,8,7,0,15,Fake
25 â€¢ GhÄziÄbÄd,hi,7,8,0,15,Fake
21 â€¢ Mumbai,"I am ambitious and driven. ...
I'm least active here so you can get in touch on snapchat @hindziyaee",65,50,29,144,Ok
20 â€¢ HyderÄbÄd,Little angel ready to fly around the world,5,10,0,15,Ok
23 â€¢ HyderÄbÄd,love urself,6,9,0,15,Ok
27 â€¢ Delhi,"Looking to meet new people, make friends and share experiences.
Adventurous, spontaneous and always up for a laugh!
Im a pretty chill and easy going person.
Work as a graphic designer.
Love spicy food, alcohol, Harry Potter, Friends and UFC!",21,6,2,29,Ok
24 â€¢ Mumbai,"Iâ€™m no longer dating.

If youâ€™re interested in me, i need a 500 word essay on how youâ€™ll not waste my time.

Thank you",17,6,2,25,Ok
26 â€¢ HyderÄbÄd,Dr Chai......ğŸ©ºğŸ‘©â€âš•ï¸âš•,6,9,0,15,Low Info
21 â€¢ HyderÄbÄd,"Into investing. Need someone who knows talks, stocks and crypto",18,16,5,39,Ok
25 â€¢ HyderÄbÄd,want to make new friends,5,11,0,16,Low Info
28 â€¢ HyderÄbÄd,"New over here. Looking to make new friends, and if I find the right guy, maybe a long term relationship as well !",23,12,4,39,Ok
23 â€¢ HyderÄbÄd,hy I'm Krishna Reddy if you want to join me than text me my WhatsApp number 9462612817,5,10,0,15,Fake
20 â€¢ HyderÄbÄd,,4,11,0,15,Low Info
22 â€¢ Bengaluru,"I m not slim but I m perfect in my wayğŸ˜‰
I m not beautiful but I luv myselfğŸ˜
I luv to be like kid ğŸ˜‚
I m not a princess but I can cook luvly food for my prince charming....â¤ï¸
I don't need a bf I need a soulmate who will be forever with me
But I m d most talkative girl....ğŸ™ˆ
Atlast
I m a simple girl with a simple heart â¤ï¸",12,9,0,21,Ok
24 â€¢ Bhubaneshwar,,3,12,0,15,Fake
20 â€¢ HyderÄbÄd,trustworthy .....loyalty,7,8,0,15,Ok
26 â€¢ HyderÄbÄd,If you don't believe in love.... Don't connect with me,7,9,46,62,Ok
26 â€¢ New Delhi,Evolving... Bad at expressing myself..,6,9,0,15,Ok
25 â€¢ HyderÄbÄd,"Commercial african escort, service for full nyt, few hours,No advance,No fake pic",5,10,0,15,Fake
19 â€¢ AmrÄvati,â¤ï¸,13,7,0,20,Low Info
27 â€¢ Kolkata,"Life goes on , with or without youâœŒï¸Revenge? Nah, Iâ€™m too lazy Iâ€™m going to sit here and let Karma f*** you up. Try me , u won't regretğŸ˜",67,24,41,132,Ok
23 â€¢ Mumbai,"Engaged
Looking to explore last few months of bachelorhoodâ€¦
Luxury,money and confidence is what i m looking for",7,8,0,15,Ok
27 â€¢ Kothaguda,Looking forward to meet some couples,11,4,0,15,Ok
24 â€¢ GhÄziÄbÄd,Hi,2,13,0,15,Low Info
27 â€¢ HyderÄbÄd,"Trust,Caring, peaceâœŒï¸",3,12,0,15,Ok
27 â€¢ ShakÅ«rpur,IG - sakshigotnochill,10,10,3,23,Low Info
26 â€¢ VÄranÄsi,I love myself.ğŸ™‚,43,18,1,62,Ok
27 â€¢ Pune,Certified makeup artist,5,10,0,15,Ok
26 â€¢ HyderÄbÄd,singer,4,11,0,15,Low Info
24 â€¢ Jaipur,Don't know what to write but I'll not give my any kind of personal details ....,8,7,1,16,Ok
27 â€¢ HyderÄbÄd,Mumbaikar in Hyderabad #tealover #techie #nerd #doglover #leftist #happysoul,8,7,0,15,Ok
25 â€¢ HyderÄbÄd,"Sensitive introvert looking for some good friendship

Don't go by my looks. I look diff in pics.",77,37,147,261,Ok
22 â€¢ Kurnool,"I don't think these little sentences would define a person
Btw I'm foodie and fan of F.R.I.E.N.D.S
Medico'",17,7,17,41,Ok
27 â€¢ HyderÄbÄd,honey,3,12,0,15,Fake
22 â€¢ HyderÄbÄd,iam srivalli,5,9,1,15,Low Info
20 â€¢ HyderÄbÄd,"Self- obsessed ğŸ–¤
ğŸª„Insta : akshara_.reddy_",65,38,24,127,Ok
23 â€¢ New Delhi,"Well, here's someone terribly complicated",14,13,1,28,Ok
22 â€¢ HyderÄbÄd,Lets know,6,9,0,15,Low Info
25 â€¢ HyderÄbÄd,My Name is Rishika Arora than my nick name Isha and I am interested to short time dating so you are interested with me to come my whatsapp 9339681573.,5,10,0,15,Ok
25 â€¢ Bengaluru,Hi...,6,9,0,15,Low Info
22 â€¢ Mumbai,I dont know what to say just swipe me if u r seriously looking for long term things or else move on. Will save urs and my time. Cheers,9,6,0,15,Ok
23 â€¢ HyderÄbÄd,"ğŸªHalf cookie - half cyborg ğŸ¤–

INFJ-T âœ¨",11,12,3,26,Ok
22 â€¢ HyderÄbÄd,WhatsApp reply.9166178728,4,11,0,15,Fake
27 â€¢ HyderÄbÄd,Take a chill pill,8,7,0,15,Low Info
28 â€¢ HyderÄbÄd,"I like to travel and read books.
Looking for a relationship. Let's start with a meaningful conversation...",8,7,0,15,Ok
26 â€¢ Lordi,Love her but leave her wild.,3,5,0,8,Low Info
22 â€¢ HyderÄbÄd,"HYYY GUYS I'M SHREYA FROM HYDERABAD I'M 21 YEARS OLD
I'M LOOKING HERE FRIENDS
DATING
IF U INTRESTED ME SO U MSG ME ON MY WHATSAPP NUMBER 9376814740",3,12,0,15,Fake
22 â€¢ KaithaiÄpur,"Heyâ€¦.looking for nice caring guy
Letâ€™s chill up together
Have a great time trust and promise is the only thing that make 2
People more
Closer i believe in trust and promise
Never hurt those with me
Weâ€™ll be genuine hiding nothing within us
M ready to explore this world with u
R u ????? ????
Chalo letâ€™s start itğŸ¤ğŸ»ğŸ¤ğŸ»ğŸ¤ğŸ»",46,36,15,97,Ok
21 â€¢ HyderÄbÄd,no about,7,8,0,15,Fake
22 â€¢ HyderÄbÄd,Ambivert. Binge watching. Midnight walksâ¤. Long rides & road trips. Cats & dogsâ¤,21,9,3,33,Ok
27 â€¢ HyderÄbÄd,Love ğŸ’• is Life,7,8,0,15,Low Info
24 â€¢ HyderÄbÄd,looking for interesting,8,7,0,15,Fake
28 â€¢ Chennai,"profession by dentist, music lover,love to put smile on my face in all situations
Really at good at being kind to ppl around
Love listening to music in a lone peaceful place
The first thing ppl notice about me
You tell me.what was the first thing you notice
Looking for something serious, long term",24,12,8,44,Ok
23 â€¢ HyderÄbÄd,"Am straight forward and honest, when I feel it hurt. I'm looking for equally positive patner who loves to travel and open commincater..",7,8,0,15,Ok
22 â€¢ HyderÄbÄd,I'm a traveller would you like to join like my partner ğŸ’«,12,12,2,26,Ok
26 â€¢ HyderÄbÄd,,30,36,1,67,Ok
26 â€¢ Chennai,"Straightforward ğŸ¤·ğŸ¼â€â™€ï¸
Awaiting divorce ğŸ˜Š
Homely â˜ºï¸
Committed personğŸ˜ƒ
P.S.not here for no strings attached or for ONS and also thatâ€™s not my real pic ğŸ™‚ will share it once we get to know each otherğŸ™ğŸ¼",18,11,4,33,Ok
21 â€¢ HyderÄbÄd,"funny, sarcastic and sweet!",10,9,3,22,Ok
25 â€¢ HyderÄbÄd,my WhatsApp number 7851062951,3,12,0,15,Fake
25 â€¢ HyderÄbÄd,I have a job and I prefer having healthy lifestyle. I am a dog lover. I am looking for someone who can hold a conversation and has a good sense of humour.,9,9,0,18,Ok
21 â€¢ HyderÄbÄd,"Baby face w anger issues
pronouns who/where
outdoor simp",5,10,0,15,Ok
21 â€¢ HyderÄbÄd,"Hello folks!
I am the hero of my own story and the princess of my own little world!",6,10,1,17,Ok
27 â€¢ HyderÄbÄd,I love myself,8,7,0,15,Low Info
21 â€¢ HyderÄbÄd,Socially awkward ğŸ¦¦ğŸš,37,14,4,55,Ok
23 â€¢ HyderÄbÄd,"Ğ½Ñ”ÑƒÎ±Î± gÏ…ÑƒÑ• ğŸ’‹ğŸ’‹
9554379981 ÏÎ¹Ğ¸g Ğ¼Ñ” ÏƒĞ¸ Ñ•Ñ•Î±Î±Ï ğŸ’‹ğŸ’‹",2,13,0,15,Fake
26 â€¢ Mumbai,"Here for banter and kill boredom. Let's converse, share stories, anything and everything. Not averse to dating, meet ups but that ain't my primary driver, so not entirely inclined.

INFP-T

Don't swipe if you're gonna say you're good at calls rather than texts, much more funny in real than over here and prefer to not waste time over texts.",15,11,89,115,Ok
28 â€¢ HyderÄbÄd,,85,21,143,249,Ok
22 â€¢ HyderÄbÄd,hi my WhatsApp number 8926387001 friendship ke liye WhatsApp per message karo,3,12,0,15,Fake
26 â€¢ HyderÄbÄd,"I m fun nd outgoing person.
.
Ping me only if u can buy me an iPhone",12,7,3,22,Ok
21 â€¢ HyderÄbÄd,"NE guy here
Have long hair, I do pencil and digital arts",9,6,0,15,Ok
21 â€¢ HyderÄbÄd,hi come to my WhatsApp number 8895426871,3,12,0,15,Fake
24 â€¢ HyderÄbÄd,....,9,4,2,15,Fake
23 â€¢ HyderÄbÄd,"Hello! I'm lahari, introvert and looking for a good company. All i seek is a good conversation and a peaceful dinner date.",9,6,0,15,Ok
23 â€¢ HyderÄbÄd,"wh,a,tsa,pp me 88,24,,09,,93,,60",3,7,5,15,Fake
25 â€¢ HyderÄbÄd,Love travelling,6,9,0,15,Low Info
22 â€¢ HyderÄbÄd,reply WhatsApp number 7375050144,4,11,0,15,Fake
23 â€¢ HyderÄbÄd,My whatsapp number 7704918740 msg me full masti full enjoy,6,9,0,15,Fake
21 â€¢ HyderÄbÄd,I am friendly person,5,7,3,15,Low Info
24 â€¢ HyderÄbÄd,..,4,11,0,15,Low Info
20 â€¢ HyderÄbÄd,am call girl service,3,12,0,15,Fake
24 â€¢ HyderÄbÄd,I am simple girl,5,10,1,16,Low Info
22 â€¢ HyderÄbÄd,hey I am single new friendship and dating mating my WhatsApp number is 7602777688 come on my WhatsApp message yaar only WhatsApp,3,12,0,15,Fake
26 â€¢ HyderÄbÄd,Nothing,11,5,4,20,Low Info
23 â€¢ HyderÄbÄd,......,4,11,0,15,Fake
26 â€¢ HyderÄbÄd,None,3,11,1,15,Fake
21 â€¢ HyderÄbÄd,i am paid girl my whatsApp num. 8290654926,3,12,0,15,Fake
22 â€¢ HyderÄbÄd,am a good girl happy very calm I like to enjoy upto the fullest,4,10,1,15,Ok
22 â€¢ HyderÄbÄd,?,6,9,0,15,Fake
24 â€¢ HyderÄbÄd,"People-oriented, outgoing and lively!",10,5,0,15,Ok
22 â€¢ HyderÄbÄd,whatsapp me +91 93909 71882,26,20,4,50,Fake
24 â€¢ HyderÄbÄd,"Hey thanks for scrolling down further!

INTJ

Am ambivert,optimistic,intuitive and spiritual.
Sunsets and walks
Lovescooking,gardening,photography(astrophotography and landscape)filmmaking and painting.
Loves to explore and be more artistic
Lives for music
Living in the moment
Complicated, but empathetic
Loves long ,real conversations
A bit overthinker too
Believes in energies,vibing.

Came here to know people's perspectives
Looking for virtual friends only",10,12,0,22,Ok
21 â€¢ HyderÄbÄd,Love,11,11,31,53,Ok
27 â€¢ HyderÄbÄd,"hey...
say your story.... listening",9,8,1,18,Ok
24 â€¢ HyderÄbÄd,.,9,6,0,15,Fake
25 â€¢ HyderÄbÄd,Cool and fun loving,17,16,3,36,Ok
22 â€¢ HyderÄbÄd,Dandelion,6,9,1,16,Low Info
23 â€¢ BÄlÄpur,Fun paid Available,3,12,0,15,Fake
25 â€¢ SecunderÄbÄd,"can uu connect with me bcoz i mğŸ˜š lonely ...and i m newly come here ğŸ¤—ğŸ˜šğŸ˜™
(88)...seven four....(858).... three three zeroğŸ“²
connect with me baeğŸ¤—",4,11,0,15,Fake
23 â€¢ SecunderÄbÄd,WhatsApp- 8058784893 like being adventurous ğŸ˜‹,6,9,0,15,Fake
24 â€¢ KaithaiÄpur,cute and beautiful,6,9,0,15,Low Info
27 â€¢ Gurgaon,Idiot,27,26,1,54,Ok
25 â€¢ Cuddapah,Let them wonder about u,7,11,0,18,Ok
26 â€¢ Nellore,Darling! I'm a nightmare dress like a day dream,33,12,15,60,Ok
24 â€¢ Belagavi,"Iâ€™m friendly, caring, overthink ğŸ˜‚love traveling",30,41,5,76,Ok
23 â€¢ Similigurha,blah..blah..blah..!!,7,8,0,15,Low Info
22 â€¢ Yesvantpur,"Old school
I don't use my phone much",58,55,89,202,Ok
25 â€¢ Bengaluru,Texts>calls,9,10,3,22,Ok
28 â€¢ Bengaluru,"I havenâ€™t bought the paid version, so cant see who likes me. So just drop a message? Thanks

If we vibe, weâ€™ll have an amazing time! If not, i am a good friend",11,9,4,24,Ok
28 â€¢ Bengaluru,"a motivated driven individual with big dreams.
Love writing poems and secret trade is drawing difficult word in pictionary",13,7,1,21,Ok
24 â€¢ Bengaluru,"Helloo....so why I am here..not sure but hope to find a real genuine people or 'THE ONE'ğŸ˜ I am NOT looking for hookups, FWB or Sex chatting ğŸ¤· so don't waste ur time looking at my profile

#Christmaholic (it would be great fun if I find people who are Christmaholic too just like meeeğŸ˜…)
#talktive only if I am comfortable #Adventurous
#traveller
#Animal lover.",24,13,5,42,Ok
26 â€¢ Bengaluru,Insta: Roonamusicofficial,10,5,0,15,Low Info
27 â€¢ Bengaluru,NA,4,6,2,12,Low Info
25 â€¢ Bengaluru,"Someone who enjoys puns and is open to exploring music, and maybe with a few alliterations with coffee on the side.
If you've watched Bungou Stray Dogs, consider having earned some brownie points.
Travel, culture, books and langauge exchange happen to be my passion.
Always up for a philosophical conversation.

""Tell Megatron, Let's tango""",7,9,4,20,Ok
25 â€¢ Bengaluru,Tujhse dur jane ka koi irada na tha...par rukte aakhir kaise jab tu hamari na tha,9,6,0,15,Ok
27 â€¢ Bengaluru,Innocence mixed with fun,26,9,19,54,Ok
25 â€¢ Bengaluru,In love with travelling ğŸ’š,9,6,0,15,Ok
23 â€¢ Bengaluru,"Ambivert ğŸ˜
Philozoic | Zoophilist ğŸ˜º
Melophile ğŸ¼
Movie buff ğŸ¤©
Eco-nut ğŸ’š",56,13,11,80,Ok
25 â€¢ Bengaluru,Simple.. And strict,10,8,1,19,Ok
20 â€¢ GuwÄhÄti,"An amazing book, a cup of coffee and a cosy corner can make my day.
I'd prefer hand written letters over expensive gifts.
More into ""lag Jaa gale"" than ""char bottle vodka"".
Prefer foodgasm over orgasm.

Not so active here ig @the_dusky_divine.
Fell free to bing me",30,5,46,81,Ok
27 â€¢ Delhi,chrming,6,9,0,15,Low Info
23 â€¢ HyderÄbÄd,.,6,9,0,15,Low Info
24 â€¢ HyderÄbÄd,I am looking for a boyfriend through this app in front of whom i can share my full personality and i can fall in love with him,5,10,0,15,Ok
27 â€¢ Chinchvad,"I can't see ur likes so pls msg me directly...... M not sure what I am looking for so don't ask the same....But definitely not here for hookups and time pass.....Let's be friends first and see where it goes and who are looking for hookups, flings, friends with benefits type of things please stay awayğŸ˜¾",20,4,1,25,Ok
26 â€¢ HyderÄbÄd,Just here for casual talks,10,6,34,50,Ok
26 â€¢ HyderÄbÄd,hiii,3,12,0,15,Low Info
27 â€¢ HyderÄbÄd,"loyal and matured behavior, not for love and all",10,5,0,15,Low Info
23 â€¢ KarÄ«mnagar,You can WhtsApp ND tlgram me. N.i.n.e.....o.n.e.....s.i.x.....s.i.x.....z.i.r.o.....f.o.u.r.....f.o.u.r.....s.i.x.....s.e.v.e.n.....f.i.v.e...,6,9,0,15,Fake
22 â€¢ HyderÄbÄd,Bazingaa!,8,7,0,15,Ok
27 â€¢ HyderÄbÄd,Why tattoo and smoke makes a woman looks bad? I didn't even kill anyone jkğŸ¥¸,5,5,2,12,Ok
23 â€¢ SurÄmpalli,Iam sanju i want truee friendship,5,10,0,15,Fake
23 â€¢ Gurgaon,"Hello,
IIM,dog & chai loverâ¤ï¸",4,11,0,15,Ok
26 â€¢ HyderÄbÄd,i knw wt iam after that desided for yours,6,8,1,15,Ok
26 â€¢ Pune,"êœ±á´ÊŸá´ á´›Ê€á´€á´ á´‡ÊŸÊŸá´‡Ê€, ÊŸá´á´ á´‡ á´›á´ Ê€á´á´€á´ á´€Ê€á´á´œÉ´á´… ÉªÉ´ á´á´á´œÉ´á´›á´€ÉªÉ´êœ± , É´á´‡á´›êœ°ÊŸÉªx êœ°á´Ê€ ÊŸÉªêœ°á´‡
77â€¢97 |â€¢Ã—â€¢| á´›ÊœÊ€á´‡á´‡ á´‡ÉªÉ¢Êœá´› êœ±á´‡á´ á´‡É´ êœ±Éªx |â€¢Ã—â€¢| 71",4,11,0,15,Fake
26 â€¢ HyderÄbÄd,"love traveling, watching movies, shopping,",6,9,0,15,Ok
24 â€¢ HyderÄbÄd,Looking for sğŸ‘»,8,7,0,15,Fake
26 â€¢ HyderÄbÄd,"I think my best friend would describe me as honest, detailed, and very organized."" ""I think my best friend would say that I'm very responsible.",6,12,0,18,Ok
25 â€¢ Chennai,"An introverted lefty navigating my way through a right-handed world.
I love to read, write, play badminton, and engage in deep conversations.",11,6,0,17,Ok
24 â€¢ HyderÄbÄd,"ğŸš¨âŒâŒ DO NOT MESSAGE OR REPLY ME IF DISTANCE IS A BARRIER FOR YOU âŒâŒ

âœ… African currently in INDIA ğŸ‡®ğŸ‡³

Iâ€™m Real ğŸ’¯
All in for honesty

âŒâŒDonâ€™t expect me to reply back when u literally got fake photo or even a covered photo ğŸ¤¦â€â™€ï¸âŒâŒ

One thing I can assure you is that you gonna like me if only I want you to ğŸ™„

Open minded and outspoken, lover of peaceful coexistence âœŒğŸ½

I love â¤ï¸ shopping ğŸ› watching movie ğŸ¿ ğŸ¥ and dispensing medication ğŸ’Š which is why Iâ€™m studying to be a Pharmacist ğŸ‘©â€âš•ï¸ a good ğŸ˜Š one at that â€¦â€¦..",67,42,23,132,Ok
20 â€¢ HyderÄbÄd,I am an introvert person but i ll give the best company in talking and I am medical student,10,10,3,23,Ok
23 â€¢ Pune,"Subject #42:

Chemistry - Taylor Swift - Sherlock Holmes - Christopher Nolan - science fiction - classical music - jazz - progressive rock - poetry - art - film fangirl. Friendly recluse. Scared of loud noises. Likes dark chocolate, funny poetry/ books, taking walks across campus (not in the summer though), secularism, feminism, and making absurd connections between far-off subjects.

Also, my network connection sucks so might not reply immediately. Please don't intro pickup lines, they ain't original anymore. On here only to find friends right now, so looking for some interesting conversation. May the Force be with you. People who double-space after full stops are the real MVPs.

I really don't know what I'm doing here because Pune is under lockdown anyway.",62,15,250,327,Ok
24 â€¢ HyderÄbÄd,"Get that Chota Parle-G ka Packet, when we go out for chaiğŸ˜…âœŒ",7,8,0,15,Ok
22 â€¢ Delhi,"Unpredictable
Moody
Udaipur ğŸ” Delhi",7,8,0,15,Ok
22 â€¢ DÄrjiling,Too lazy for providing a short summary lmao.,8,7,0,15,Ok
26 â€¢ Delhi,.,7,9,0,16,Low Info
26 â€¢ HyderÄbÄd,"I m newly here need someoneğŸ¥°
(91)....seven one....(036)....(984)ğŸ“²",4,11,0,15,Fake
22 â€¢ HyderÄbÄd,"in need of attention and maybe some love....just a teeny tiny bit ;_;

okc wants 50 words so here's more about me â€” introvert / animes / k-dramas / books / genshin / ISFP-T / cancer sign.

languages â€” english, à¤¹à¤¿à¤¨à¥à¤¦à¥€, à¤®à¤°à¤¾à¤ à¥€, í•œêµ­ì–´ and learning ä¸­æ–‡.

friends, language exchange partner, genshin co-op buddy......anythings fine! (would prefer a bf tho uwu)
can't see all likes/intros
feel free to message on my ig @imcalledpriya",16,9,5,30,Ok
28 â€¢ Mumbai,Crazy marathi mulgi ğŸ˜‰,20,12,1,33,Ok
27 â€¢ HyderÄbÄd,I am looking for a guy who is jovel and broad minded like me. No hook ups please. Friendly n understanding guy with whom I can spend quality time. Hanging out to new places trying new dishes.,19,15,3,37,Ok
26 â€¢ Pune,"Khud ki tarif kya hi karu but here it goes ğŸ˜†
Iâ€™m an ambivert, I love to read books I enjoy talking over tea or beer ğŸº I like long drives, being sarcastic and leg pulling so donâ€™t get offended. I like honest communication, letâ€™s face it weâ€™re not teenagersğŸ˜„ğŸ˜œhai na",16,10,3,29,Ok
21 â€¢ HyderÄbÄd,I'm an introvert,5,10,0,15,Ok
22 â€¢ HyderÄbÄd,"Love to travel, explore.",8,8,0,16,Ok
23 â€¢ HyderÄbÄd,"peaceful,chill,ambitious,",1,14,0,15,Ok
21 â€¢ HyderÄbÄd,Heylo,10,5,0,15,Low Info
24 â€¢ HyderÄbÄd,I'm a simple girl looking for new friends,15,13,3,31,Ok
19 â€¢ HyderÄbÄd,Iâ€™m kind of a big deal.,8,7,0,15,Ok
24 â€¢ Shiliguri,The song 24 by Sundial pretty much sums up my life rn ğŸ¥²,52,28,92,172,Ok
23 â€¢ HyderÄbÄd,"#Bless me on April 10th
#Hyderabadi
#Pure vegitarian(Brahmin girl)
#Searching for the real oneâ¤ï¸
#My insta id: _miss_ruthless_",6,9,0,15,Ok
19 â€¢ HyderÄbÄd,hi,4,11,0,15,Low Info
23 â€¢ AmrÄvati,"Hello, I'm an introvert.
Clinical Psychology student.
I work with animal rescue.
A cultured weeb( Anime is what I talk about most of the time).
Loves reading.
Kdramas person.
True crime documentary lover.",8,7,0,15,Ok
19 â€¢ HyderÄbÄd,Hi! I am leela Purna..,4,11,0,15,Low Info
21 â€¢ HyderÄbÄd,Hey,6,9,0,15,Low Info
20 â€¢ HyderÄbÄd,.,9,6,0,15,Low Info
23 â€¢ HyderÄbÄd,A defence scientist currently researching on love ğŸ˜…,9,4,2,15,Ok
28 â€¢ HyderÄbÄd,"looking for a good looking men. of course iam a beautiful girl.., you can know me after chatting with me",9,6,0,15,Ok
20 â€¢ NÄgpur,what's in bio..this 2-3 compliments by urself to urself cant define you.i.e dont be soo quick to judge bcoz result always comes lateğŸ˜œ .so lets take a move towards exam centreğŸ˜‰ #itsbigbraintime...,25,25,3,53,Ok
27 â€¢ Bengaluru,"6 feet

Instagram : _real_rithu

Prefer near by folks for a talk",13,12,3,28,Ok
22 â€¢ GuntÅ«r,am an extrovert and a easy going girl with 22 yrs,5,10,0,15,Ok
25 â€¢ KolhÄpur,Librain....doc by profession ......not much into music movies etc ( I do watch thm....and also tend to forget thm ğŸ¤ª),82,31,81,194,Ok
19 â€¢ Khammam,iam sweety,3,12,0,15,Fake
25 â€¢ SolÄpur,"I'm a physiotherapist , running my own clinic. I'm supper excited person for the work I love to do like travelling , sports activity , and planning is my passion in case of outings and road trips. I'm the youngest one in my family and preferred to get treated same in future too. I'm like two opposite poles where I get too excited or too emotional . I'm Maheshwari Marwari and looking for the same cast .",10,10,2,22,Ok
27 â€¢ Bengaluru,"Nothing more exciting than meeting new people, hearing their stories, being inspiredğŸŒ¸

I am not here for,

ğŸš«booze,smoke
ğŸš«hookups
ğŸš«Relationship
ğŸš«Datings
ğŸš«FWB

P.s. People who try to judge me based on these, better stay away rather wasting ur timeğŸ¤˜

Here to connect with genuine and interesting soulsğŸ’«",18,9,1,28,Ok
26 â€¢ Bengaluru,Rule ğŸ¤” what is that?,61,42,80,183,Ok
26 â€¢ Pune,"It may look like I'm doing nothing, but in my head I'm quite busy. ğŸ˜‡ğŸ˜‡ğŸ˜‡",52,28,17,97,Ok
28 â€¢ Pune,I would describe myself as an open and honest person. I believe in simple life. Small things matters me lot.Small caring make me feel good.,17,17,2,36,Ok
25 â€¢ Pune,"You can have RESULTS or EXCUSES, not both.",6,9,0,15,Ok
22 â€¢ VishÄkhapatnam,Looki,5,10,3,18,Ok
23 â€¢ Chennai,"I have completed my course in baking just waiting to write my exam I also take cake order from home I love animals like dog and other animal and travel a lot and love nature my hobbies are swimming listening to music and spend time with my dog
Enjoy travel and explore new place and learn to culture of different love looking at different paintings",50,53,144,247,Ok
24 â€¢ Chennai,"A dreamer, eyes on sky; feet immersed in waves always. Values beauty and sees beauty in the smallest mundane things who searches for someone who would love me beyond them. My first love ? Undoubtedly Sea, whispering through breeze and making be feel better at every down times by its touch of soothing waves.",22,7,70,99,Ok
19 â€¢ Chennai,"Hi , I'm shalini and I am here to meet new people. I am a carefree girl but at the same time I do care for the people I love the most. I'm not really good at breaking the ice , so it's up to you.can't see likes so message me in instagram if not no prob snap me #carefree #introvertInsta Id: shalini kottavalasa ğŸ‘»: Sydneyknight11",73,16,284,373,Ok
28 â€¢ Bhilai,Hi all lovly boys msg me teIegram l d pallaviw,7,8,0,15,Fake
26 â€¢ Benaulim,You would find me in a tiny coffee shop at the corner table enjoying my coffee with a slice of red velvet cake and my book on a sunday afternoon. Come and say Hi? ;),8,7,0,15,Ok
24 â€¢ Vichumbe,Not an A-lister. Text me. Not here for hookups either. Don't waste your energy if looking for a hook-up. Good luck,24,9,1,34,Ok
24 â€¢ KoparpÄda,Just Exploring,9,18,3,30,Ok
24 â€¢ Villupuram,I'm all about Ghibli films and Ramen ğŸ‘€â¤ï¸,19,19,4,42,Ok
26 â€¢ MÄnkhurd,Grace,9,4,2,15,Low Info
27 â€¢ ThÄne,Will describe later,26,15,4,45,Ok
23 â€¢ Puducherry,Be true in yourself,47,41,64,152,Ok
24 â€¢ Mumbai,What do we love ?,5,10,0,15,Ok
20 â€¢ Mumbai,Happy lil thang and a travellerâœ¨,11,21,2,34,Ok
25 â€¢ Mumbai,Inscrutable and Liberal,45,44,353,442,Ok
25 â€¢ Mumbai,"An engineer working in Bangalore.
Let's see if I could find someone who's worth having!!!

PS: It could be even a good friend (just an FYIâ˜ºï¸)",51,16,42,109,Ok
24 â€¢ Mumbai,"Honest ğŸ”¥ Be a girl with nature ğŸ‘‘, be a lady with class, and a bitch with attitude.ğŸ–¤ğŸ¦. Don't Get My Personality And My Attitude Twisted, Because My Personality Is ME, And My Attitude Depends On You! I'm a humble person, I don't have an attitude problem, you have a perception problem.ğŸ–¤",55,59,184,298,Ok
23 â€¢ Mumbai,"Nm active here
Contact on Instagram - reach2shruti",7,6,2,15,Low Info
28 â€¢ Mumbai,Sweet with a bit of spice ğŸ˜‰ an introvert but only till the time you know me,7,11,0,18,Ok
26 â€¢ Mumbai,"- IG is hannamonsoon
- Ukrainian living in India before the war
- I donâ€™t talk about work
- Not here for hookups or sexting
- I am an adult with a busy life and work. I unmatch for nonsense. Donâ€™t ask me â€œwhatâ€™s upâ€ or anything like that. Letâ€™s actually get to know each other or donâ€™t waste the time",12,5,3,20,Ok
23 â€¢ Mumbai,"Can't see like so msg me here.
And don't ask for no. Bcoz I won't give and people looking for hookups plz swipe left.",37,41,9,87,Ok
24 â€¢ Mumbai,.,93,22,141,256,Ok
26 â€¢ Mumbai,"No drama please ğŸ™ğŸ»
So it's gonna be forever, or it's gonna go down in flames ğŸ˜…
**I live in India but my location might say otherwise",77,35,212,324,Ok
19 â€¢ Mumbai,"ig notmimicoco hmu so we can vibe
kinda traveling through this app lol",1,5,0,6,Ok
25 â€¢ Mumbai,Patient. Sensitive. Polite.,94,20,7,121,Ok
27 â€¢ Mumbai,..,28,12,0,40,Ok
28 â€¢ Mumbai,.,9,6,0,15,Low Info
25 â€¢ Mumbai,"I am simple person and looking for simple person to have good and meaningful conversations.
I dont believe in uploading cute and nice pictures just to attract someone. Because someone should like you for being you not they way you look or the way of life style you have.
I do have youtube channel",23,22,2,47,Ok
26 â€¢ Mumbai,Dance lover | kind | music | fun loving,5,9,0,14,Ok
24 â€¢ Mumbai,"Iâ€™m a workaholic and highly ambitious.!
So if you understand that well and donâ€™t behave typically Iâ€™ll adore the floor you walk on.!

Insta- gauri.tambat",55,60,17,132,Ok
25 â€¢ Mumbai,"Introvert by choice, extrovert by chance (courtesy, work).

They key(s) to my heart are good food, music, cat/dog videos, 90s and 2000 Bollywood, dad jokes, books, long walks, mountains, poetries, sky-gazing, grocery shopping... the list goes on.

Review by a friend: She never replies on time, hates getting on calls, is busy clicking the skies whenever we're out, cracks us up with her dad jokes' collection, and is busy sleeping on her off days.

TLDR? Okay then! ğŸŒš",19,13,3,35,Ok
21 â€¢ Mumbai,Soon to be Dr,5,5,0,10,Low Info
27 â€¢ Mumbai,"I am fun loving girl, want to make frnds with whom I can chill out and talk to my heart.

I haven't uploaded my pic ..as I don't find it necessary to show yourself first for making any relationship. So please don't ask for it.

Connect to know more",11,7,1,19,Ok
22 â€¢ Mumbai,We all end up in the same place.,7,8,0,15,Ok
23 â€¢ Mumbai,Honesty is the only thing I want,29,32,3,64,Ok
23 â€¢ Mumbai,Simple and Descent!,16,7,1,24,Ok
26 â€¢ Mumbai,always shine,21,25,5,51,Ok
21 â€¢ Mumbai,"Well I'm looking for some simple, kind people to be friends with.

Maybe we could watch anime together sometimes",14,4,0,18,Ok
20 â€¢ Mumbai,"Music ğŸ¶
GamesğŸ®
Overthinker ğŸ¤”
IntrovertğŸ˜¶
Follow me on instagram: _whaline_52",6,10,1,17,Ok
23 â€¢ Mumbai,Good nature good behaviour,5,10,0,15,Ok
25 â€¢ Mumbai,I am looking forward to a beautiful journey of minds and faith.I am interested in artistic minded people.I want to be a researcher and more inclined towards logic than emotion,67,48,235,350,Ok
24 â€¢ Mumbai,..,58,24,11,93,Ok
28 â€¢ Mumbai,"One of introverts who talk alotğŸŒ¼. Busy has hell due to my permanent job overthinkingğŸ˜…. Personality is as jumbled as my playlist, not everyone can keep up.",80,23,595,698,Ok
24 â€¢ Mumbai,"Fun loving
Foodie
Little wierdo and shyğŸ™ƒ",47,16,23,86,Ok
21 â€¢ HyderÄbÄd,Ig - ohnoashi,5,10,0,15,Fake
19 â€¢ Mumbai,hi i am Kohinoor,4,11,0,15,Low Info
27 â€¢ Mumbai,:D,8,7,0,15,Low Info
21 â€¢ Mumbai,"letâ€™s be friends I guess
Instagram @mishtisen",12,5,0,17,Ok
28 â€¢ Mumbai,"I love to live simple life, i m looking for someone who can understand me respect me n my family. i want partner who treat me like a frnd . Looking for love, respect, trust, loyalty, simplicity, who find happiness in small things, i m mumma's girlâ£ï¸â£ï¸",47,27,36,110,Ok
26 â€¢ Mumbai,"Doctor by profession. Sports Enthusiast.
DM to know about me more :)",7,8,1,16,Ok
25 â€¢ Mumbai,"I like my partner the way i like my coffee. So swipe right if you're hot and bitter.
Instagram :-itsmearifaa",8,7,0,15,Ok
25 â€¢ Jagdalpur,Just looking for someone to talk Dont't ask for app switch or pics.,4,9,2,15,Ok
23 â€¢ Mangalore,Getting a smile on someone's face can make you happy tooğŸ˜€,10,5,1,16,Ok
23 â€¢ Mangalore,happy ever after do exist,8,7,0,15,Ok
22 â€¢ Mangalore,,9,6,0,15,Low Info
23 â€¢ VirÄr,"I think I am bold but deep down I am shy as f, I think I am practical but deep down I am hopeless romantic as well, So overall a combo personality who likes to Read and Savor her coffee....",29,10,3,42,Ok
25 â€¢ Indore,Nothing,5,9,1,15,Low Info
26 â€¢ Indore,looking for something substantial.,4,11,0,15,Ok
26 â€¢ Indore,I am simple girl.,4,8,3,15,Ok
26 â€¢ Indore,"I am self independent, outgoing, fun loving, honest..",6,9,0,15,Ok
23 â€¢ Indore,"Hello everyone.
I'm shilpi Tiwari from prayagraj.
Don't confuse ki location alg Q hai .
Allahabad se hu but location type krke daale skte h islea all alg daale dete h, just for funğŸ˜ğŸ˜.",13,14,0,27,Ok
23 â€¢ Indore,"mellow and optimistic
pisces
budding dentist",8,8,2,18,Ok
26 â€¢ Jabalpur,"Engineer by profession extremist by nature!
ğŸ€",17,7,0,24,Ok
25 â€¢ Jabalpur,"I am a woman of trans experience. I work as an academic editor for a Netherlands-based company and live in Jabalpur. I'm looking for a leftist, feminist, emotionally healthy grown-up (aged above 24). Although I'm fluent in Hindi, English is my primary language of thought and communication, so you MUST speak English well.

I'm 5'8 and make a six-figure income, so someone similar would be nice. I'm a practicing Chhayavad poet, and I can talk about Chhayavad poetry for hours. If I could go back in time, I'd like to meet Mahadevi Varma.

Political leaning and opinions matter to me, so if you're a BJP voter (moderate, apolitical, conservative), please do us both a favor and swipe left. If you're not an intersectional feminist, swipe left. If you don't support LGBTQ rights - yep, you guessed it - swipe left.

IMPORTANT: Ego, BJP voters/rightwingers, or ""hey/hi/you're beautiful"" in the intro = instant unmatch.",64,21,38,123,Ok
26 â€¢ BhopÄl,"WON'T SHARE MY PH NO./ PICS/VIDEO CALLS/MEETINGS/S**/DATINGS
LOOKING FOR GOOD CONVERSATIONS. KEEP YOUR OPINIONS ABT ME TO YOURSELVES... THERE R BETTER THINGS TO INVEST UR TIME IN!!! NO BULLSHIT PLZ!

Honest, straight forward, free spirit, open minded, funny, equality, talkative, temperamental, intellectual, headstrong, rebellion, now or never, old soul, one of a kind, passionate, heart over mind, authentic.",59,60,855,974,Ok
24 â€¢ BhopÄl,Like sensible talks....Simplicity is my style......Wanna travel as much as i can... loves to explore new places....#iamtravelfreak,19,14,2,35,Ok
22 â€¢ DamÄn,22 | Dentist | Ambivert,57,31,16,104,Ok
26 â€¢ à®•à¯‹à®¯à®®à¯à®ªà®¤à¯à®¤à¯‚,Ambivert | Independent | Enthusiastic | Loves Books | Mountains ; Beaches | Music | Movies | Literature | Science | Travel | And much more,11,5,1,17,Ok
25 â€¢ SÅ«rat,"Assistant Manager at a Bank.
An ambitious girl with love for Music, Dancing and Reading. Career - oriented.
Fond of learning new things.",7,7,1,15,Ok
26 â€¢ SÅ«rat,Simply Complicated,8,7,0,15,Ok
28 â€¢ Agra,"Simple & caring..

Dont like/match if u r looking for hookup
I repeat... DO NOT !!",86,29,116,231,Ok
21 â€¢ HyderÄbÄd,8696117811 my whatsapp number,15,5,2,22,Fake
21 â€¢ NÄnded,Hey i am single new friendship my WhatsApp number is 9178158273 only WhatsApp Messege com dear ğŸ¥°ğŸ¥°ğŸ¥°ğŸ¥°ğŸ¥°ğŸ¥°ğŸ¥°ğŸ¥°,3,12,0,15,Fake
22 â€¢ Delhi,"Trolls do not matter!

Instagram: voluptuous_lady
(I will try to reply asap!)

www.confessout.com/Cherry_07
(You can speak your heart out.)

Engineer ğŸ‘©â€ğŸ’»
Dancer ğŸ’ƒ
Swimmer ğŸŠğŸ»â€â™€ï¸
Theatre ğŸ­
Cooking ğŸ§‘â€ğŸ³

I believe everything happens for a reason!â¤ï¸
Very particular about my grammar. ğŸ–Š
Hate only one thing about anyone, â€˜hypocrisyâ€™.

. . . . . . . . . . . . . . . . . . . . . . . . . . . . . . . . . . .",6,10,0,16,Ok
28 â€¢ HyderÄbÄd,"hey hi!!
my self srividya, I am a fashion designer",6,9,0,15,Ok
24 â€¢ Thrissur,Tell me why I make you as my friend???what is your quality ? .nurse here to find some chill friendly friends..come lets know each other and go with the flow..I will do injection to you if you angry on me...join me lets make this small life more chill and happy ...,9,10,4,23,Ok
21 â€¢ Mumbai,"I am the universe
Show some gratitude, faith , hope and love <3",9,10,4,23,Ok
23 â€¢ UtnÅ«r,"I @á—° Tá•¼E á—·E$T Oá‘E á—©á’ªá—¯á—©Y$
á‘­Iá‘G á—°Eá•¼ Oá‘ á—°á—©á•¼á•¼ $$á—©á‘­á‘­
á‘Iá‘E Tá•¼á–‡EE $Iá™­ $Iá™­ $Iá™­ Tá•¼á–‡EE EIGá•¼T $Iá™­ á–´Iá¯E á˜”Eá–‡O
á‘•Oá‘Tá—©á‘•T $OOOOOá‘",3,12,0,15,Fake
23 â€¢ HyderÄbÄd,Online sarvice available,2,13,0,15,Fake
23 â€¢ HyderÄbÄd,my WhatsApp number 9674854764,3,12,0,15,Fake
22 â€¢ HyderÄbÄd,Hey there.. looking out for new friends...impress me with ur sense of humourğŸ’—,6,9,0,15,Ok
21 â€¢ Mumbai,"Not a summer adventure am a forever thing ğŸ’œ

Ping me on Instagram will ya â¤ï¸ğŸ¥°-@fromfar_beyond",7,8,0,15,Ok
20 â€¢ HyderÄbÄd,"Not a fan of self description
I call myself an ambivert
brown girl
Telugu ammai
I can binge watch for 10 hours straight ğŸ˜Œ",74,14,99,187,Ok
27 â€¢ HyderÄbÄd,hello,5,10,0,15,Low Info
19 â€¢ Undi,Love,3,10,2,15,Low Info
24 â€¢ HyderÄbÄd,"Chill person

YOLOâœ¨",10,11,1,22,Ok
24 â€¢ Bengaluru,"INTJ

Homebody who loves to chill and live the good life.

Foodie, Marvel, K-Pop, B99 and Pop music fan.",0,0,0,0,Ok
23 â€¢ SÅ«rat,lnssstgrmmm - aanchal.97,5,10,0,15,Low Info
27 â€¢ HyderÄbÄd,Calm going,87,35,110,232,Ok
27 â€¢ HyderÄbÄd,"hi guys ğŸ¤ª
I'm harini ğŸ˜˜
meet up -fun- online fun available
100% satisfying ğŸ¥’ğŸ’¦
intrested guys DM âŒ¨ï¸

**catch me on instagram : akshu_akki",7,8,0,15,Fake
22 â€¢ Delhi,Low-key,6,8,1,15,Low Info
23 â€¢ HyderÄbÄd,hy I'm Priyanka if you want to join me than text me my whatsapp number 9358341722,6,9,0,15,Fake
20 â€¢ HyderÄbÄd,âœ¨,7,8,0,15,Low Info
25 â€¢ HyderÄbÄd,My self pravalika searching for long term relationship,3,12,0,15,Ok
21 â€¢ Koch,Hey,4,11,0,15,Low Info
26 â€¢ HyderÄbÄd,hi,6,9,0,15,Low Info
22 â€¢ VijayawÄda,Like my friend,4,11,0,15,Low Info
23 â€¢ HyderÄbÄd,Hidden,3,12,0,15,Low Info
22 â€¢ HyderÄbÄd,ğŸ™ˆ,5,10,0,15,Low Info
26 â€¢ HyderÄbÄd,Mmmm let's pass time having conversations.,5,9,1,15,Ok
26 â€¢ HyderÄbÄd,"Software Engineer, hip hop dancer and a universe believer. ğŸ’«

Coffee| Rains | Nature | Long drives ğŸ’›
FoodieğŸ•ğŸ”",25,10,4,39,Ok
23 â€¢ HyderÄbÄd,"â€¢ An Introvert
â€¢ 6 ft tall
The rest is a mystery. ğŸ˜‚
Insta - rai_aai",8,11,0,19,Ok
28 â€¢ HyderÄbÄd,myself priya,7,8,0,15,Low Info
23 â€¢ HyderÄbÄd,....,5,10,0,15,Low Info
22 â€¢ HyderÄbÄd,hi,1,14,0,15,Low Info
26 â€¢ HyderÄbÄd,"anyone hang out with someone causally and get the earnings source
no any unsafe only descent guys

( eight, seven,nine four,zero
one, nine, four,4,,,8",2,13,0,15,Fake
23 â€¢ HyderÄbÄd,figuring it out,3,9,3,15,Low Info
28 â€¢ HyderÄbÄd,,5,11,0,16,Low Info
22 â€¢ HyderÄbÄd,I want true relationship for lifetime trusted and genuine relationship,7,8,0,15,Ok
23 â€¢ HyderÄbÄd,Nothing much,22,11,1,34,Ok
26 â€¢ SecunderÄbÄd,"I'm a simple girl... Introvert at heart. I'm a video editor by profession and a home baker in my free time.
When I'm not busy, I love spending time relaxing and listening to music.",15,8,3,26,Ok
28 â€¢ Gurgaon,Don't want to introduce myselfğŸ˜,51,44,13,108,Ok
25 â€¢ Bengaluru,self love,6,9,0,15,Low Info
22 â€¢ Bengaluru,New here!!,8,7,0,15,Ok
26 â€¢ Bengaluru,Looking for my soulmate ğŸ’•,9,6,0,15,Ok
26 â€¢ Bengaluru,"Êœá´€Ê€á´… á´›á´ á´„á´€á´›á´„Êœ, á´‡á´€êœ±y á´›á´ á´€á´›á´›Ê€á´€á´„á´›
Ê™á´‡á´€á´„Êœ ÊŸá´á´ á´‡Ê€, á´€ÊŸá´¡á´€yêœ± á´œá´© êœ°á´Ê€ É¢á´á´€
87â€¢68 |â€¢Ã—â€¢| êœ±Éªx É´ÉªÉ´á´‡ êœ°Éªá´ á´‡ á´É´á´‡ |â€¢Ã—â€¢| 07",2,13,0,15,Fake
27 â€¢ Kormangala,"I am actually looking for a genuine relationship. I am tired of saying no when my family asks me if i have someone in my life so I thought let me give it a try. People looking for hookups plz stay away. And plz donâ€™t ask me what am i looking for, itâ€™s very clear in my bio.",93,23,94,210,Ok
22 â€¢ VishÄkhapatnam,He who loves has a lot to learn. Somebody wins in love. Somebody gets failure in love. Somebody gets cheated in love. One enjoys living in love. It doesn't mean that everyone in the world is useless.,7,8,0,15,Ok
21 â€¢ Chennai,Hi 9432879367 This is My Whatsapp number Msg Me There to Connect I Comfortable on Whatsapp,5,10,0,15,Fake
24 â€¢ Chennai,"I am a Delhite staying in Chennai for work and studies. Looking meaningful and long-term relationships.
Oh also can go from crazy to calm to crazy in mere seconds. Memes are my love language.",6,9,0,15,Ok
22 â€¢ Chennai,"Just a Girl who loves to explore new things ,new placesğŸ˜‰ But wanted to end up with that one person only(NoneğŸ¤§) Because I believe distance can't change the Love â™¥ï¸

*Wanna make connections with people around the world.
*I'm looking for new friends outside my Country So that I can get to know more about their lifestyles, build some confidence too and if it is possible LOVE can happens tooğŸ™ˆ",37,38,9,84,Ok
23 â€¢ Chennai,"I am an artist which helps to keep my thoughts out on that canvas .
Cooking helps me in my patience.
Music is life.
I love myself ğŸ˜.",67,33,83,183,Ok
28 â€¢ Mumbai,"Hi, I am a simple girl looking for serious relationship .I live in Maharashtra, India i just changed my location to find myself a good match.So if you are OK with long distance but genuine connection then only swipe right. I am honest ,loving , caring , kind of introvert and loyal kind of a person . I like cooking , Gardening, drawing and painting, going out with friends.I want someone who can be little different from me but the one who can understand me , as someone said ""The happiest couples never have the same characters. They have the best understanding of their differences.
Every women is like a fruit but the problem with some men are that they like fruit salad so those one who like fruit salad dont swipe right on me.",5,6,1,12,Ok
27 â€¢ Mumbai,"Floaty, Moody, Fire, Desire",36,9,15,60,Ok
24 â€¢ Mumbai,Just making friends,7,7,0,14,Low Info
25 â€¢ Mumbai,I am here just for making friends.,8,7,0,15,Low Info
24 â€¢ Indore,Its all about vibing,8,7,0,15,Ok
23 â€¢ BhopÄl,I am not using this app so much so you can message me on Insta my id is { Nikitabhalla.11 }ğŸ’œğŸ’œ,7,7,1,15,Fake
21 â€¢ Kottayam,Unique,8,9,0,17,Low Info
25 â€¢ Agra,"I am old fashioned sometimes. I still believe in romance, in roses, and in holding hands",38,27,41,106,Ok
25 â€¢ Ankleshwar,"Please I can't really share how my best friend describes me... I don't wanna get out from hereğŸ˜‚ So why don't you make your own opinion!

And broooo plzzzzzz... Be DECENT!",26,12,0,38,Ok
25 â€¢ BharÅ«ch,A fun loving hardworking Street smart person,19,16,5,40,Ok
22 â€¢ Vadodara,hiii,4,10,0,14,Low Info
23 â€¢ Vadodara,Foodie,13,6,2,21,Ok
26 â€¢ Vadodara,Follow ur heart â¤,5,10,0,15,Ok
27 â€¢ Vadodara,Ambivert. Part-Time Beginner Comic. Long Conversation with Chai are the must . Sarcasm appreciated.Genuine Laughters can be table-turners.,47,43,64,154,Ok
25 â€¢ Vadodara,"Big time bollywood buff
A lawyer in making ( it's a love hate relationship )
I may know more about you then you think I do ğŸ˜ŒğŸ˜‰
Overthinking is my jam
Life goal : to settle in mountains
Love and Gratitude above anything
I appreciate cheesy lines, but not cheesy behaviour
Chandler and Monica over Ross and Rachel, change my mind if you can",39,17,40,96,Ok
25 â€¢ Gorwa,Only night talk and hook ups,10,5,0,15,Fake
24 â€¢ Thrissur,,11,6,0,17,Low Info
25 â€¢ Madurai,Humanity â¤ï¸,35,25,47,107,Ok
25 â€¢ Khandagiri,Stay happy,7,13,3,23,Ok
24 â€¢ Bhubaneshwar,"Doctor-just completed my MBBS. Love making new friends. passionate about dancing. chocolate, good conversation and travelling is bliss.",30,10,5,45,Ok
27 â€¢ Bhubaneshwar,,46,45,148,239,Ok
25 â€¢ Bhubaneshwar,ğŸ™ƒ,25,10,11,46,Low Info
23 â€¢ Bhubaneshwar,Let's cğŸ˜‰,7,7,1,15,Low Info
24 â€¢ Bhubaneshwar,"Chubby cheeksğŸ¥º
Curvy-Girl
Marwadi choriğŸ’…",17,10,3,30,Ok
27 â€¢ BÄrang,introvert ğŸ¤¦ğŸ¤¦ğŸ¤¦,63,15,34,112,Ok
27 â€¢ Kochi,Introvert turns out to a techy,10,5,0,15,Ok
23 â€¢ Bhuban,Foodie interesting,6,7,0,13,Low Info
27 â€¢ AhmadÄbÄd,"If u feel we r right person to talk, go further..",8,7,0,15,Ok
24 â€¢ AhmadÄbÄd,"Four things I could never do without:

Explore and travel
Coffee
Binge watching shows
Dancing

I'm open to trying new things in life and be sporty and adventurous! :)

More about me? I am myself not sure , I'm still getting to know myself better but yes I definitely like to expand my knowledge in all kind of areas! ğŸ˜Œ

I love flowers ğŸŒ¸ğŸŒ·Haha!",31,25,24,80,Ok
21 â€¢ AhmadÄbÄd,Simple girl and just want to spread happinessâ€¦â€¦â€¦â€¦â€¦,7,9,1,17,Ok
26 â€¢ AhmadÄbÄd,"Here for find a friend, live in ahmedabad",6,9,0,15,Ok
25 â€¢ HyderÄbÄd,Ambivert bongâ¤ï¸,7,8,0,15,Ok
25 â€¢ Mumbai,"when life give you lemons..use them wisely ğŸ˜œ

Goa girl.. exploring Bengal...

ps.. only here in OKC.. not gonna talk outta here ğŸ‘",8,7,0,15,Ok
27 â€¢ AhmadÄbÄd,Queen ğŸ‘‘,14,7,1,22,Ok
25 â€¢ AhmadÄbÄd,"I m Natasha
I m considered funny yet impatient by those who know me I have studied to be mbbs and currently working on my internship",13,8,3,24,Ok
26 â€¢ AhmadÄbÄd,"My name is Lubna Naylor I'm an Indonesian. Studying in India.
My telegram ID is Lubna_Nay",5,10,0,15,Ok
28 â€¢ AhmadÄbÄd,Hello..,5,9,1,15,Low Info
23 â€¢ AhmadÄbÄd,"simplicity,,,,9723815415",6,9,0,15,Fake
19 â€¢ AhmadÄbÄd,"Little brown girl with Big Dreams.

Free like a Butterfly ğŸ¦‹
Pretty to see, hard to catch.

Not an active user.
Insta :- akshika_saini",25,22,11,58,Ok
20 â€¢ NayÄgarh,,11,10,2,23,Low Info
26 â€¢ JhÄnsi,"Hi, I am Priyanka currently working in Jhansi, native place is Pune, Maharashtra. Also, I am a vitiligo girl.",6,8,0,14,Ok
20 â€¢ Alappuzha,"Me doing me.
(Not pun intended)",68,17,254,339,Ok
20 â€¢ Alappuzha,Looking for someone who is free to talk,8,7,0,15,Low Info
23 â€¢ Akola,"Don't bother messaging me if you are only looking for hookups. I like to be a free spirit. Some donâ€™t like that, but thatâ€™s the way I am.I am like a butterfly: pretty to see and hard to catch. Life is like riding a bicycle. To keep your balance, you must keep moving",89,12,115,216,Ok
26 â€¢ AllahÄbÄd,sensitive ğŸ¥º,7,8,0,15,Low Info
25 â€¢ RÄjkot,"Looking for a serious relationship. I am a computer engineer so of course, a guy should be educated.",10,5,0,15,Ok
21 â€¢ RÄjsamand,"Creative,
Ambivert,
Reader,
IAF brat,
Peace lover ğŸ’–",56,13,23,92,Ok
26 â€¢ Gwalior,"Well, It's difficult to describe our own self but lemme try... So basically i am person who is looking for long term relationship and one more thing you should be adventurous by your choices like i can't be with the people's who are so damn boring and here boring doesn't mean serious no they both are different things you can be serious and adventurous at the same, I am a writer so i am little bit thinkist kind of person & if you are looking for some hookups kind of things then may be we guys are not for each other so at that condition you can swipe left, and if you want to have some long conversations then i am here for you i love to talk about life.....that's all for me and for more you need to have patience.",8,6,0,14,Ok
27 â€¢ RÄnchÄ«,"I donâ€™t care about how different weâ€™re, once I feel the connection, anything else that doesnâ€™t matters ğŸ˜‡

Traveller âœˆï¸ Dog Lover ğŸ• Self Obsessed ğŸ¤©",27,13,4,44,Ok
26 â€¢ RÄnchÄ«,"Ok, I don't exactly know what to write here.
I feel like I am a chill person and I love spending time with myself.
Dogs and cats are the best creatures on this planet.
On a journey towards leading a better and a fit life.
I believe everything is beautiful if we look at it right :)",96,19,"1,117",1232,Ok
27 â€¢ RÄnchÄ«,#Gemini,91,28,38,157,Ok
23 â€¢ NÄ«lgiri,â¤ï¸ğŸ˜‡,8,7,0,15,Low Info
25 â€¢ SangrÄmgarh,My life my rules.... N I'm freakingly rely on it.,24,34,35,93,Ok
22 â€¢ Thiruvananthapuram,ğŸ˜‡ Happy soulâœ¨,8,7,1,16,Ok
28 â€¢ Delhi,"Can't see likes...

- I'm a harmony and peace lover âœŒï¸, curious explorer

- Love nature, good food, art, humanity, natural conversations, company of genuine and happy people. I like to find joy in little things but also explore the big stuff

- My ambitions are important for me in life, but real connections and like mindedness make space on their own...

- Stereotypes, negativity and dominance put me off... Sometimes permanently... I'm a free birdie... So not into customary society-fed picture of anything",51,14,47,112,Ok
25 â€¢ GhÄziÄbÄd,...,55,33,9,97,Ok
27 â€¢ Jaipur,"Computational linguist
I can't see 'like'
Ä°g: @amaya_foodie
No Chat sex âŒ No hookups âŒ
Subscribe my youtube channel: amaya foodie
https://youtu.be/nCWwohMvr8I
https://t.me/learnindonesianforforeigners
Feel free to join my channel â˜º",26,27,1,54,Ok
24 â€¢ JÄdabpur,"I'm very frndly and sweet my frnds says that and very cute alsoğŸ˜ŠğŸ˜ŠğŸ˜Š
I'm very foodie, talkative and moody
Bong girl from kolkata
I love to make new frnds ğŸ˜€ğŸ˜€ğŸ˜€",58,29,40,127,Ok
28 â€¢ HyderÄbÄd,"I'm here friendship, coz we cannot search for online friends in insta or fb...it's not dat easy.

Looking for a like minded person.
I donno wat went through my mind, just installed this.",9,6,0,15,Ok
27 â€¢ HyderÄbÄd,joined this app to get new frds,6,9,0,15,Low Info
25 â€¢ Kothaguda,#introvert #oldschool,6,9,0,15,Ok
25 â€¢ Pune,Fashion design,8,14,2,24,Ok
27 â€¢ HyderÄbÄd,ntg,7,8,0,15,Low Info
25 â€¢ HyderÄbÄd,"Just bored, looking for fun",6,9,0,15,Low Info
24 â€¢ HyderÄbÄd,my WhatsApp number 8453032098,3,12,0,15,Fake
25 â€¢ HyderÄbÄd,"If you can't sleep at night, it's probably my fault. Sorry in advance.",8,7,0,15,Ok
28 â€¢ Kothaguda,"New in town, also lost the direction kindly give me map to get into your heart lol Do hit TELE-GRMid: DATTASHANA sorry now you can keep swiping on haha",8,7,0,15,Ok
24 â€¢ Kallakal,hey text me on my whatsapp 8200221518,3,12,0,15,Fake
23 â€¢ Gajwel,hy text me on my WhatsApp 9571155497,5,10,0,15,Fake
22 â€¢ Bengaluru,...,3,11,1,15,Low Info
27 â€¢ Chennai,"Simple and Caring soul
Fun to be around with
Nature lover
â¤ï¸â¤ï¸",7,5,0,12,Ok
26 â€¢ Goa,"First, I'm Kenyan ğŸ‡°ğŸ‡ª based in Kenya. Changed location to meet awesome people like you â¤.

I'm a respectful, outspoken, jovial and simple lady, born and raised in Kenya whose full of positivity. I believe in God and He comes first in my life.

I'm here looking for love, that is something serious. I don't mind the distance because I know distance means nothing when someone means everything to you. Don't shy from sending me an intro or a sweet message once we match.

I've never been married before neither do I have kids but I want them. I'm ready to settle down thus if you're looking for a wife you're at the right place. Open for dates.

Lastly, I lost my job hence I'm currently not working but I hold a bachelors degree. So as not to stay idle and too independent, I started a YouTube channel. Kindly consider supporting me by subscribing to my channel;


Check out my first YouTube video here;-


Thanks in advance.",32,12,3,47,Ok
24 â€¢ Mumbai,"I just love making new friends
Only friends no relation",4,12,0,16,Ok
24 â€¢ Mumbai,ğŸ‡®ğŸ‡©ğŸ‡®ğŸ‡©ğŸ‡®ğŸ‡©,4,12,0,16,Low Info
23 â€¢ Kolkata,"Simple girl with an outdated thought ğŸ¤·â€â™€ï¸

HOOKUP OR CASUAL STUFF OR FWB is not my cup of teaâ˜•

And also I don't prefer hanging out with any random person without letting my parents know ğŸ¤·â€â™€ï¸ğŸ¤·â€â™€ï¸

Those who are here with fake profile kindlly stay away from me.....ğŸ˜’As I genuinely hate those people who pretend to be someone else...ğŸ™‚",59,15,28,102,Ok
27 â€¢ Delhi,Life is the biggest lesson. I m not fond of ths app infact I never want to use ths type of app becuz I saw nd met many people in real with twin face including girls also.. So how can i blv here but sometimes I need to get over my problems nd need to divert my mnd I come here...,7,7,3,17,Ok
25 â€¢ Delhi,I m simple nd decent person.... I like to move around i'm a bit reserved type and can't understand me quickly,5,9,0,14,Ok
27 â€¢ ChÄlsa,"Supporting, loving, , trustworthy and ya fake and hookup, frnds with benifit wale fellows plz stay out from me .I really value friendship that is true. About love yaar dil tut gaya hai jb kiya tha payar but jb se khud se karna Lage I m loving it â¤ï¸â¤ï¸baki I hope everyone fit and fine",48,37,33,118,Ok
22 â€¢ New Delhi,"Hie..ğŸ“šğŸŒ¸ğŸ–Œï¸â¤ï¸...

I m Ruhani..Its my new account...I m college student of bcom final yearğŸ“š and working as content writter(blogg,article& poetry writter)ğŸ–Œï¸...my part time professional is makeup artist(Bridals makeover)ğŸ’„(Birthday-26th December)ğŸ˜‹Loves-Cooking, chocolates loverğŸ« long drive, Punjabi movies,Dogs lover,,,write shayri and like make new friends and here for friendship and long term relations only....!!!!!ğŸŒ¸ğŸŒ¸ğŸŒ¸ğŸŒ¸ğŸŒ¸ğŸŒ¸ğŸŒ¸ğŸŒ¸ğŸŒ¸ğŸŒ¸ğŸŒ¸ğŸŒ¸",6,9,0,15,Ok
28 â€¢ Bhatinda,....,10,10,89,109,Ok
22 â€¢ New Delhi,Ig : andreea_diana1912,43,15,300,358,Ok
26 â€¢ Lucknow,..,8,11,2,21,Low Info
23 â€¢ Delhi,"A good listener and a better story teller.
Not looking for a perfect someone, just here for a new experience.",6,9,0,15,Ok
28 â€¢ New Delhi,"Hello Monseir,
How about we check out commen interest and talk_along!! Ohh wait we can try to connect either way as you may ignore same interest but being with better person must be the priority. ğŸ˜Œ",21,16,4,41,Ok
28 â€¢ Delhi,"I would describe my self as an honest person, genuine, hardworking & easy to get along",8,11,0,19,Ok
26 â€¢ PithorÄgarh,"Jindgi ke mahaul main koi khas ho
Jiske sath hone ka ik alg aihsas ho
Dikhate to hain aasman main bahut se sirate
Vo jo mere sabse pas ho ... # true ğŸ˜Š",19,26,2,47,Ok
"24 â€¢ Palletuttiripitiya, Sri Lanka",Welcome to my profile ğŸ¤­,6,7,0,13,Low Info
"24 â€¢ Colombo, Sri Lanka",ğŸ¶,5,8,0,13,Low Info
26 â€¢ New Delhi,.,27,15,97,139,Ok
26 â€¢ Delhi,...,7,7,1,15,Low Info
27 â€¢ Delhi,An old school soul ğŸ‚,78,34,79,191,Ok
27 â€¢ Delhi,"If you wear uniform and in forcesâ€¦ yes,we can connect!",6,9,0,15,Ok
21 â€¢ Kolkata,A person with a lot of dreams ğŸ¦‹ğŸ¦‹,5,10,0,15,Ok
23 â€¢ HaryÄna,"I'm from Delhi but I'm living in Gurgaon and I'm fashion designer
I'm looking for pata nhi ğŸ¤”
Ha but koi acha insaan mila toh I can marry with him ğŸ¤—ğŸ¤­
Please fake people's keep away
Please don't Ã sk me how are you ğŸ¤®
And what are you doing also
This words are so so so boring for me ğŸ˜…",4,17,0,21,Ok
23 â€¢ HyderÄbÄd,iam searching good man for dating,5,10,0,15,Low Info
25 â€¢ Kolkata,Nothing described me best untill u don't want to understand me.....not hear for hookupsğŸ˜,3,12,0,15,Ok
24 â€¢ Delhi,..,7,8,0,15,Low Info
25 â€¢ Delhi,"Hi am Riya Malakar , 24 year old , living in Delhi , Pursuing masters in English literature",23,28,6,57,Ok
27 â€¢ DaryÄ Ganj,I m very emotional person.,42,45,15,102,Ok
28 â€¢ Dehra DÅ«n,Very simple girl.,39,41,20,100,Ok
23 â€¢ LudhiÄna,ğŸ˜ŠğŸ˜Š,9,6,0,15,Low Info
27 â€¢ Delhi,hi im nt so good with the introduction part but i would like to say that im a cook and i love nature nd dancing whenevr i gt the chance to groove in...here to look for a caring intellectual guy...,6,9,0,15,Ok
21 â€¢ Kolkata,Anime & pupsâœ¨,22,13,2,37,Ok
24 â€¢ Ä€gra,"24 , Punjabi
Need a person who can vibe on punjabi music â¤
Keep lurking that's why it's public. Moody sometimes
Being bilingual is my biggest flexğŸ‘½
Not a lister so drop a message so I would knowğŸ™‚ insta - itssurbhivij",36,28,29,93,Ok
21 â€¢ New Delhi,Let's be friends first. It takes some time to get to know a person.,24,13,134,171,Ok
24 â€¢ Kolkata,"My soul belongs to the sky. ( Future pilot )
â€¢Small businesses ownerâ€¢ Dancer â€¢ Cyclist.

Well to start with, I am really bad at summarizing myself. It's quite a hard thing to do. Still, let me give it a shot. my self Priyanka. I am 23 years old Bengali girl. I live in India. presently, stay in Kolkata. I am still a student. And I am pursuing commercial pilot training. besides, I am a dance instructor. and also run a small business related to handmade jewellery. I have 2 large size dogs, I spend a lot of time playing with them. in addition; Iâ€™m independent straightforward, some may say too honest, confident and with a good sense of humour among other things. Go to the gym on regular basis. I am adventurous, intellectual, creative, and outgoing. I love travelling, scuba diving, sky diving, cycling, hiking, camping, flying and many more things. travelling is a big part of my life and has enjoyed exploring many vast cultures.

So I am looking forward to dating someone.
Or you can say finding someone special.

nd that all.",4,10,1,15,Ok
28 â€¢ Delhi,an introvert by heart & actions.,9,6,0,15,Ok
27 â€¢ Delhi,"Let's talk about life
Instagram Priyaabwaj
Snapchat- Priyaabwaj",16,11,4,31,Ok
"27 â€¢ Negombo, Sri Lanka",Travel around the world,11,6,23,40,Ok
22 â€¢ ChandÄ«garh,Stubborn,6,9,0,15,Low Info
24 â€¢ New Delhi,.,7,11,2,20,Low Info
26 â€¢ Delhi,I just find myself happy with the simple things. Appreciating the blessings god gave me.,5,9,0,14,Ok
25 â€¢ Badarpur,"She/Her. A feminist and a cinephile. In search for her Jack Pearson somewhere. Loves to know about life of different people. Sometimes, write English and Hindi poetry.",34,28,34,96,Ok
"19 â€¢ Gampaha, Sri Lanka",I like listening to music and drawing. Have an obsession over cats xd. Here to get to know new people :3,9,6,55,70,Ok
26 â€¢ ChandÄ«garh,"Sometime a call with a stranger who would understand you and in return wont judge you makes you feel good..Up for genuine conversation...ğŸ˜‡
Message me,cant see your likesğŸ¤—life m all going good...but sometime do feel ki need a person to talk to...bdw people asking me ki whether I am real??yes I am...ğŸ˜€",30,25,9,64,Ok
24 â€¢ Delhi,Oppositely positive,16,30,2,48,Ok
27 â€¢ Delhi,"Not here for casual stuffs, ONS etc etc.
Fake people - It will not take a second for me to block you. âš”ï¸
Rest will talk because even if I write about me over here I have to discuss same thing in making conversation. ğŸ™‚

Moreover I cannot see likes, if want to connect you need to drop me message.

Not from Delhi. Exploring people through this app virtually.",32,18,35,85,Ok
26 â€¢ Delhi Cantonment,Good behaviour,2,4,7,13,Low Info
25 â€¢ Kolkata,"Nationalist, opinionated, foodie, politically conservative, doctor in making, bibliophile, and a Harry Potter fan. Not necessarily in that order :)",78,43,2561,2682,Ok
24 â€¢ Kolkata,"Old school, Amnivert,Stoner. Definitely not looking for hookups.",90,21,96,207,Ok
26 â€¢ NÄngloi JÄt,Dog lover,7,8,0,15,Low Info
23 â€¢ Delhi,"Naughty ğŸ’†ğŸ»â€â™€ï¸
Foody ğŸ¥¯ğŸ¥ªğŸ”
Chocolate ğŸ«
Eightfourfourninefivesixeightninethreefour
Black lover
Selfie queen ğŸ¤³",5,10,0,15,Fake
22 â€¢ ShÄhdara,....,6,9,0,15,Low Info
25 â€¢ KÄlkÄji Devi,I'm chubby and sweet girl,22,24,3,49,Ok
22 â€¢ Kolkata,"Hi stranger here is a happiest depressed person. basically a overthinker, who think a lot.I think I am the most emotional person in the world. It's really hard to understand myself. I am keep trying to understand me. I wish you may discover me âœŒï¸â˜ºï¸ Then ask me what you want to know about meğŸ˜…

And if you're this type of person who is here for hookups, casual relationship and if you are a smoker,drinker- guys u r not my type.",89,27,417,533,Ok
25 â€¢ HaldwÄni,Not here for hookups âŒ,7,8,0,15,Ok
25 â€¢ New Delhi,"I am a to be lawyer, have a knack for organising stuffs, overtly emotional and an extremely old school person. A foodie who loves punjab and its culture. A believer of traditions and values. I can narrate you stories on spot and make you feel as the protagonist in an entirely different world.
5'7 tall (if that matters)
PS : a die hard fan of F.R.I.E.N.D.S , if you can relate me with one character, it would be MONICA",66,51,431,548,Ok
19 â€¢ Kolkata,"19 | Dancer | Influencer ğŸŒ¹
Instagram - bosslad_y",58,13,135,206,Ok
26 â€¢ Kol,Not looking for hook-ups.,57,18,38,113,Ok
28 â€¢ Delhi,"Hello, looking for new friends and something meaningful around the town!
Values and longs for hugs more than kisses.",20,10,3,33,Ok
21 â€¢ AurangÄbad,ku btauğŸ˜,27,13,41,81,Ok
27 â€¢ LudhiÄna,...,29,7,41,77,Ok
26 â€¢ Delhi,A moment to slow down and appreciate the good things in life.Looking for good conversation and for making good friends.Energetic. Free spirited.Passionate.,16,15,2,33,Ok
21 â€¢ New Delhi,"Hi, I'm Anam, if I do a bio it's gonna be clichÃ© AS FUCK so cut me some slack",9,8,3,20,Ok
24 â€¢ Shiliguri,Looking a handsome dominant men for chat and fun... from siliguri..... faceless people stay away from me......,37,21,19,77,Ok
22 â€¢ HyderÄbÄd,"Loyal,honest,hard working",27,19,4,50,Ok
27 â€¢ Delhi,"An old soul with a sage's wisdom and a child's heart (or so I think, lol). I'm looking for organic and genuine connections here so text me only if you're looking for the same. I'll stop writing before this starts looking like an ad, haha. Geez, writing bios can be daunting and seem so pretentious! I can't be the only one who thinks so?",22,9,1,32,Ok
22 â€¢ HyderÄbÄd,"This is valcano ...bold and wild and open mentality type ...
I can talk freely no problem ..
Konni intain chyadam kastam gals ki like slim n curvy shapes .. but maintain Chyli kada apude western dresses try chyachu

Telegram I'd :soumyasweetie

Snap chat I'd : soumyasweeti313",18,23,4,45,Fake
27 â€¢ New Delhi,"Well, total crazy one, weirdo, funny and extremely emotional..",29,27,102,158,Ok
27 â€¢ New Delhi,Just be yourself there is no one betterğŸŒ¼,6,5,4,15,Ok
